timezone,temp,humidity,description
2025-02-19 05:41:22,0.76,29,clear sky
2025-02-19 05:41:40,0.76,29,clear sky
2025-02-19 05:52:11,0.76,29,clear sky
2025-02-19 06:16:08,0.76,29,clear sky
2025-02-19 06:40:09,1.76,25,clear sky
2025-02-19 06:50:40,1.76,25,clear sky
2025-02-19 07:08:40,-0.42,18,clear sky
2025-02-19 07:26:04,-0.42,18,clear sky
2025-02-19 07:37:23,0.76,25,clear sky
2025-02-19 07:47:54,0.76,25,clear sky
2025-02-19 07:58:28,0.76,25,clear sky
2025-02-19 08:30:19,0.76,29,clear sky
2025-02-19 08:46:02,0.76,29,clear sky
2025-02-19 08:56:18,0.76,29,clear sky
2025-02-19 09:20:18,-0.22,25,clear sky
2025-02-19 09:33:40,-1.24,29,clear sky
2025-02-19 09:44:17,-1.24,29,clear sky
2025-02-19 09:54:51,-1.24,29,clear sky
2025-02-19 10:17:43,-2.1,25,clear sky
2025-02-19 10:37:56,-3.24,39,clear sky
2025-02-19 10:48:31,-3.24,39,clear sky
2025-02-19 10:59:06,-3.24,39,clear sky
2025-02-19 11:19:26,-3.24,39,clear sky
2025-02-19 11:30:00,-3.24,43,clear sky
2025-02-19 11:40:21,-3.24,43,clear sky
2025-02-19 11:50:52,-3.24,43,clear sky
2025-02-19 12:15:30,-3.15,33,clear sky
2025-02-19 12:52:12,-4.24,50,clear sky
2025-02-19 13:18:27,-3.39,36,clear sky
2025-02-19 13:35:26,-5.24,50,clear sky
2025-02-19 13:45:45,-5.24,50,clear sky
2025-02-19 13:56:07,-5.24,50,clear sky
2025-02-19 14:18:05,-3.33,36,clear sky
2025-02-19 14:36:22,-5.24,54,clear sky
2025-02-19 14:47:07,-5.24,54,clear sky
2025-02-19 14:57:41,-5.24,54,clear sky
2025-02-19 15:25:09,-3.23,36,clear sky
2025-02-19 15:38:26,-6.24,58,clear sky
2025-02-19 15:49:08,-6.24,58,clear sky
2025-02-19 15:59:18,-6.24,58,clear sky
2025-02-19 16:29:03,-6.24,58,clear sky
2025-02-19 16:46:12,-6.24,58,clear sky
2025-02-19 16:56:41,-6.24,58,clear sky
2025-02-19 17:17:55,-3.46,37,clear sky
2025-02-19 17:33:15,-8.24,62,clear sky
2025-02-19 17:43:44,-8.24,62,clear sky
2025-02-19 17:54:11,-8.24,62,clear sky
2025-02-19 18:19:06,-3.7,39,clear sky
2025-02-19 18:40:34,-8.24,67,clear sky
2025-02-19 18:51:03,-8.24,67,clear sky
2025-02-19 19:07:22,-8.24,67,clear sky
2025-02-19 19:20:42,-3.86,41,clear sky
2025-02-19 19:31:35,-9.24,73,clear sky
2025-02-19 19:42:04,-9.24,73,clear sky
2025-02-19 19:52:17,-9.24,73,clear sky
2025-02-19 20:12:57,-4.05,42,clear sky
2025-02-19 20:30:49,-10.24,85,clear sky
2025-02-19 20:41:31,-10.24,85,clear sky
2025-02-19 20:52:20,-10.24,85,clear sky
2025-02-19 21:10:52,-10.24,85,clear sky
2025-02-19 21:26:27,-10.24,85,clear sky
2025-02-19 21:37:35,-10.24,85,clear sky
2025-02-19 21:47:57,-10.24,85,clear sky
2025-02-19 21:58:25,-10.24,85,clear sky
2025-02-19 22:21:14,-4.41,43,clear sky
2025-02-19 22:34:21,-8.24,73,clear sky
2025-02-19 22:44:44,-8.24,73,clear sky
2025-02-19 22:55:04,-8.24,73,clear sky
2025-02-19 23:15:43,-8.24,73,clear sky
2025-02-19 23:28:56,-7.24,73,clear sky
2025-02-19 23:39:50,-7.24,73,clear sky
2025-02-19 23:50:25,-7.24,73,clear sky
2025-02-20 00:38:11,-3.24,59,clear sky
2025-02-20 02:06:43,-1.24,40,clear sky
2025-02-20 02:55:32,-0.24,32,clear sky
2025-02-20 03:21:53,-1.33,27,clear sky
2025-02-20 03:40:11,0.76,29,clear sky
2025-02-20 03:50:35,0.76,29,clear sky
2025-02-20 04:10:16,0.76,29,clear sky
2025-02-20 04:32:02,0.76,29,clear sky
2025-02-20 04:44:35,0.76,29,clear sky
2025-02-20 04:55:00,0.76,29,clear sky
2025-02-20 05:16:31,0.76,29,clear sky
2025-02-20 05:33:35,1.76,27,clear sky
2025-02-20 05:43:49,1.76,27,clear sky
2025-02-20 05:54:25,1.76,27,clear sky
2025-02-20 06:21:40,1.76,27,clear sky
2025-02-20 06:41:51,1.76,27,clear sky
2025-02-20 06:52:20,1.76,27,clear sky
2025-02-20 07:11:22,1.76,27,clear sky
2025-02-20 07:26:37,1.76,27,clear sky
2025-02-20 07:37:53,1.76,27,clear sky
2025-02-20 07:48:35,1.76,27,clear sky
2025-02-20 07:58:53,1.76,27,clear sky
2025-02-20 08:30:07,0.76,23,clear sky
2025-02-20 08:45:34,0.76,23,clear sky
2025-02-20 08:56:01,0.76,23,clear sky
2025-02-20 09:20:04,-1.37,26,clear sky
2025-02-20 09:33:37,-1.24,29,clear sky
2025-02-20 09:43:58,-1.24,29,clear sky
2025-02-20 09:54:26,-1.24,29,clear sky
2025-02-20 10:16:54,-1.22,24,clear sky
2025-02-20 10:37:56,-2.24,34,clear sky
2025-02-20 10:48:35,-2.24,34,clear sky
2025-02-20 10:58:46,-2.24,34,clear sky
2025-02-20 11:19:18,-2.78,34,clear sky
2025-02-20 11:29:55,-3.24,36,clear sky
2025-02-20 11:40:33,-3.24,36,clear sky
2025-02-20 11:51:05,-3.24,36,clear sky
2025-02-20 12:16:56,-3.24,36,clear sky
2025-02-20 12:54:42,-4.24,39,clear sky
2025-02-20 13:23:05,-3.57,38,clear sky
2025-02-20 13:38:47,-5.24,50,clear sky
2025-02-20 13:49:24,-5.24,50,clear sky
2025-02-20 13:59:45,-5.24,50,clear sky
2025-02-20 14:24:43,-3.64,38,clear sky
2025-02-20 14:40:16,-5.24,54,clear sky
2025-02-20 14:50:29,-5.24,54,clear sky
2025-02-20 15:08:30,-5.24,54,clear sky
2025-02-20 15:30:19,-6.24,58,clear sky
2025-02-20 15:43:00,-6.24,58,clear sky
2025-02-20 15:53:56,-6.24,58,clear sky
2025-02-20 16:19:17,-3.66,40,clear sky
2025-02-20 16:41:57,-7.24,63,clear sky
2025-02-20 16:53:47,-7.24,63,clear sky
2025-02-20 17:12:43,-7.24,63,clear sky
2025-02-20 17:29:24,-6.24,63,clear sky
2025-02-20 17:40:42,-6.24,63,clear sky
2025-02-20 17:51:13,-6.24,63,clear sky
2025-02-20 18:13:06,-3.97,41,clear sky
2025-02-20 18:38:33,-7.24,63,clear sky
2025-02-20 18:50:31,-7.24,63,clear sky
2025-02-20 19:06:28,-7.24,63,clear sky
2025-02-20 19:21:31,-4.01,42,clear sky
2025-02-20 19:32:35,-9.24,62,clear sky
2025-02-20 19:43:12,-9.24,62,clear sky
2025-02-20 19:53:49,-9.24,62,clear sky
2025-02-20 20:15:56,-4.13,43,clear sky
2025-02-20 21:11:30,-9.24,73,clear sky
2025-02-20 21:26:58,-10.24,79,clear sky
2025-02-20 21:37:54,-10.24,79,clear sky
2025-02-20 21:48:22,-10.24,79,clear sky
2025-02-20 21:58:42,-10.24,79,clear sky
2025-02-20 22:22:56,-10.24,85,clear sky
2025-02-20 22:37:14,-10.24,85,clear sky
2025-02-20 22:47:47,-10.24,85,clear sky
2025-02-20 22:57:59,-10.24,85,clear sky
2025-02-20 23:22:13,-7.24,73,clear sky
2025-02-20 23:34:03,-7.24,73,clear sky
2025-02-20 23:44:18,-7.24,73,clear sky
2025-02-20 23:54:45,-7.24,73,clear sky
2025-02-21 01:15:46,-3.12,36,clear sky
2025-02-21 02:31:13,-0.24,32,clear sky
2025-02-21 03:03:21,-0.24,32,clear sky
2025-02-21 03:30:41,0.76,32,clear sky
2025-02-21 03:44:08,0.76,32,clear sky
2025-02-21 03:54:31,0.76,32,clear sky
2025-02-21 04:20:10,-0.78,28,clear sky
2025-02-21 04:40:27,0.76,32,clear sky
2025-02-21 04:50:55,0.76,32,clear sky
2025-02-21 05:08:55,0.76,32,clear sky
2025-02-21 05:29:51,0.76,32,clear sky
2025-02-21 05:41:14,0.76,32,clear sky
2025-02-21 05:52:03,0.76,32,clear sky
2025-02-21 06:39:49,0.76,37,clear sky
2025-02-21 06:50:39,0.76,37,clear sky
2025-02-21 07:08:35,0.76,37,clear sky
2025-02-21 07:25:26,0.76,40,clear sky
2025-02-21 07:36:29,0.76,40,clear sky
2025-02-21 07:46:53,0.76,40,clear sky
2025-02-21 07:57:05,0.76,40,clear sky
2025-02-21 08:26:49,1.76,30,clear sky
2025-02-21 08:43:08,1.76,30,clear sky
2025-02-21 08:53:46,1.76,30,clear sky
2025-02-21 09:14:56,-0.76,26,clear sky
2025-02-21 09:30:54,-0.24,27,clear sky
2025-02-21 09:41:27,-0.24,27,clear sky
2025-02-21 09:51:55,-0.24,27,clear sky
2025-02-21 10:11:21,-0.24,27,clear sky
2025-02-21 10:33:25,-2.24,37,clear sky
2025-02-21 10:44:23,-2.24,37,clear sky
2025-02-21 10:54:48,-2.24,37,clear sky
2025-02-21 11:13:29,-2.24,37,clear sky
2025-02-21 11:27:21,-2.24,40,clear sky
2025-02-21 11:38:14,-2.24,40,clear sky
2025-02-21 11:48:29,-2.24,40,clear sky
2025-02-21 11:58:45,-2.24,40,clear sky
2025-02-21 12:46:33,-3.24,46,clear sky
2025-02-21 13:12:30,-2.69,39,clear sky
2025-02-21 13:30:59,-4.24,50,clear sky
2025-02-21 13:41:35,-4.24,50,clear sky
2025-02-21 13:52:10,-4.24,50,clear sky
2025-02-21 14:09:14,-4.24,50,clear sky
2025-02-21 14:29:31,-4.24,50,clear sky
2025-02-21 14:41:53,-4.24,50,clear sky
2025-02-21 14:52:37,-4.24,50,clear sky
2025-02-21 15:12:21,-4.24,50,clear sky
2025-02-21 15:30:02,-4.24,54,clear sky
2025-02-21 15:41:23,-4.24,54,clear sky
2025-02-21 15:51:56,-4.24,54,clear sky
2025-02-21 16:13:01,-4.24,54,clear sky
2025-02-21 16:36:14,-5.24,58,clear sky
2025-02-21 16:47:05,-5.24,58,clear sky
2025-02-21 16:57:48,-5.24,58,clear sky
2025-02-21 17:19:03,-3.39,38,few clouds
2025-02-21 17:30:28,-5.24,63,clear sky
2025-02-21 17:40:56,-5.24,63,clear sky
2025-02-21 17:51:24,-5.24,63,clear sky
2025-02-21 18:12:57,-3.93,38,clear sky
2025-02-21 18:37:12,-6.24,73,clear sky
2025-02-21 18:48:56,-6.24,73,clear sky
2025-02-21 18:59:23,-6.24,73,clear sky
2025-02-21 19:17:56,-4,38,clear sky
2025-02-21 19:28:27,-7.24,73,clear sky
2025-02-21 19:39:00,-7.24,73,clear sky
2025-02-21 19:49:11,-7.24,73,clear sky
2025-02-21 19:59:24,-7.24,73,clear sky
2025-02-21 20:24:51,-8.24,86,clear sky
2025-02-21 20:37:33,-8.24,86,clear sky
2025-02-21 20:48:02,-8.24,86,clear sky
2025-02-21 20:58:19,-8.24,86,clear sky
2025-02-21 21:19:02,-4.37,41,clear sky
2025-02-21 21:29:35,-7.24,73,clear sky
2025-02-21 21:40:06,-7.24,73,clear sky
2025-02-21 21:50:20,-7.24,73,clear sky
2025-02-21 22:07:02,-7.24,73,clear sky
2025-02-21 22:29:02,-7.24,79,clear sky
2025-02-21 22:41:00,-7.24,79,clear sky
2025-02-21 22:51:31,-7.24,79,clear sky
2025-02-21 23:10:31,-7.24,79,clear sky
2025-02-21 23:26:59,-6.24,73,clear sky
2025-02-21 23:38:15,-6.24,73,clear sky
2025-02-21 23:48:21,-6.24,73,clear sky
2025-02-21 23:58:54,-6.24,73,clear sky
2025-02-22 01:46:47,-1.24,43,clear sky
2025-02-22 02:38:02,-0.24,34,clear sky
2025-02-22 03:00:51,-0.24,34,clear sky
2025-02-22 03:26:52,0.76,34,clear sky
2025-02-22 03:40:13,0.76,34,clear sky
2025-02-22 03:50:56,0.76,34,clear sky
2025-02-22 04:10:33,-0.83,25,clear sky
2025-02-22 04:33:00,1.76,32,clear sky
2025-02-22 04:45:44,1.76,32,clear sky
2025-02-22 04:56:15,1.76,32,clear sky
2025-02-22 05:17:34,-0.41,25,clear sky
2025-02-22 05:32:05,0.76,34,clear sky
2025-02-22 05:42:20,0.76,34,clear sky
2025-02-22 05:52:42,0.76,34,clear sky
2025-02-22 06:16:19,-0.06,25,clear sky
2025-02-22 06:40:46,0.76,37,clear sky
2025-02-22 06:51:01,0.76,37,clear sky
2025-02-22 07:07:37,0.76,37,clear sky
2025-02-22 07:23:06,0.76,37,clear sky
2025-02-22 07:34:40,0.76,37,clear sky
2025-02-22 07:44:57,0.76,37,clear sky
2025-02-22 07:55:24,0.76,37,clear sky
2025-02-22 08:19:45,0.76,37,clear sky
2025-02-22 08:35:38,0.76,37,clear sky
2025-02-22 08:46:10,0.76,37,clear sky
2025-02-22 08:56:37,0.76,37,clear sky
2025-02-22 09:19:33,-1.24,47,clear sky
2025-02-22 09:30:29,-1.24,47,clear sky
2025-02-22 09:40:36,-1.24,47,clear sky
2025-02-22 09:51:05,-1.24,47,clear sky
2025-02-22 10:08:24,-1.24,47,clear sky
2025-02-22 10:31:08,-1.24,51,clear sky
2025-02-22 10:43:24,-1.24,51,clear sky
2025-02-22 10:53:50,-1.24,51,clear sky
2025-02-22 11:10:38,-2.26,34,clear sky
2025-02-22 11:22:35,-2.26,34,clear sky
2025-02-22 11:33:43,-2.24,37,clear sky
2025-02-22 11:44:04,-2.24,37,clear sky
2025-02-22 11:54:35,-2.24,37,clear sky
2025-02-22 12:28:08,-4.24,42,clear sky
2025-02-22 12:55:27,-4.24,42,clear sky
2025-02-22 13:18:24,-3.25,36,broken clouds
2025-02-22 13:30:10,-5.24,46,clear sky
2025-02-22 13:40:32,-5.24,46,clear sky
2025-02-22 13:51:03,-5.24,46,clear sky
2025-02-22 14:07:15,-5.24,46,clear sky
2025-02-22 14:26:41,-5.24,50,clear sky
2025-02-22 14:37:50,-5.24,50,clear sky
2025-02-22 14:48:26,-5.24,50,clear sky
2025-02-22 14:58:52,-5.24,50,clear sky
2025-02-22 15:21:17,-6.24,53,clear sky
2025-02-22 15:32:05,-6.24,53,clear sky
2025-02-22 15:42:24,-6.24,53,clear sky
2025-02-22 15:53:08,-6.24,53,clear sky
2025-02-22 16:13:46,-3.59,40,scattered clouds
2025-02-22 16:33:17,-6.24,58,clear sky
2025-02-22 16:43:53,-6.24,58,clear sky
2025-02-22 16:54:20,-6.24,58,clear sky
2025-02-22 17:13:21,-3.57,40,scattered clouds
2025-02-22 17:30:12,-8.24,62,clear sky
2025-02-22 17:40:25,-8.24,62,clear sky
2025-02-22 17:50:52,-8.24,62,clear sky
2025-02-22 18:09:45,-8.24,62,clear sky
2025-02-22 18:32:39,-7.24,58,clear sky
2025-02-22 18:44:30,-7.24,58,clear sky
2025-02-22 18:54:54,-7.24,58,clear sky
2025-02-22 19:12:21,-4.19,39,clear sky
2025-02-22 19:22:58,-4.19,39,clear sky
2025-02-22 19:34:19,-9.24,67,clear sky
2025-02-22 19:44:55,-9.24,67,clear sky
2025-02-22 19:55:15,-9.24,67,clear sky
2025-02-22 20:16:36,-4.47,37,clear sky
2025-02-22 20:29:59,-8.24,67,clear sky
2025-02-22 20:40:54,-8.24,67,clear sky
2025-02-22 20:51:29,-8.24,67,clear sky
2025-02-22 21:09:09,-8.24,67,clear sky
2025-02-22 21:25:02,-8.24,67,clear sky
2025-02-22 21:36:01,-8.24,67,clear sky
2025-02-22 21:46:23,-8.24,67,clear sky
2025-02-22 21:56:50,-8.24,67,clear sky
2025-02-22 22:17:55,-4.86,37,clear sky
2025-02-22 22:32:01,-7.24,63,clear sky
2025-02-22 22:42:33,-7.24,63,clear sky
2025-02-22 22:52:48,-7.24,63,clear sky
2025-02-22 23:11:02,-7.24,63,clear sky
2025-02-22 23:25:34,-4.93,37,clear sky
2025-02-22 23:36:59,-5.24,58,clear sky
2025-02-22 23:47:33,-5.24,58,clear sky
2025-02-22 23:58:02,-5.24,58,clear sky
2025-02-23 01:55:52,-2.24,37,clear sky
2025-02-23 02:53:06,-1.24,37,clear sky
2025-02-23 03:19:34,-2.56,30,clear sky
2025-02-23 03:38:38,-2.24,34,few clouds
2025-02-23 03:48:52,-2.24,34,few clouds
2025-02-23 03:59:14,-2.24,34,few clouds
2025-02-23 04:27:52,-0.24,32,few clouds
2025-02-23 04:43:39,-0.24,32,few clouds
2025-02-23 04:53:52,-0.24,32,few clouds
2025-02-23 05:13:07,-1.47,25,clear sky
2025-02-23 05:30:55,-0.24,27,clear sky
2025-02-23 05:41:19,-0.24,27,clear sky
2025-02-23 05:51:56,-0.24,27,clear sky
2025-02-23 06:13:53,-1.29,24,few clouds
2025-02-23 06:36:03,-0.24,29,clear sky
2025-02-23 06:46:31,-0.24,29,clear sky
2025-02-23 06:57:11,-0.24,29,clear sky
2025-02-23 07:19:27,-0.24,34,clear sky
2025-02-23 07:29:45,-0.24,34,clear sky
2025-02-23 07:40:11,-0.24,34,clear sky
2025-02-23 07:50:34,-0.24,34,clear sky
2025-02-23 08:10:04,-0.24,34,clear sky
2025-02-23 08:31:18,-0.24,29,clear sky
2025-02-23 08:44:18,-0.24,29,clear sky
2025-02-23 08:54:28,-0.24,29,clear sky
2025-02-23 09:15:01,-0.24,29,clear sky
2025-02-23 09:30:37,-2.24,34,clear sky
2025-02-23 09:41:18,-2.24,34,clear sky
2025-02-23 09:51:40,-2.24,34,clear sky
2025-02-23 10:10:03,-2.24,34,clear sky
2025-02-23 10:31:08,-3.24,36,clear sky
2025-02-23 10:41:56,-3.24,36,clear sky
2025-02-23 10:52:24,-3.24,36,clear sky
2025-02-23 11:09:27,-3.24,36,clear sky
2025-02-23 11:23:09,-4.24,42,clear sky
2025-02-23 11:35:29,-4.24,42,clear sky
2025-02-23 11:46:07,-4.24,42,clear sky
2025-02-23 11:56:37,-4.24,42,clear sky
2025-02-23 12:36:44,-5.24,50,clear sky
2025-02-23 12:59:50,-5.24,50,clear sky
2025-02-23 13:24:12,-5.24,50,clear sky
2025-02-23 13:35:13,-5.24,50,clear sky
2025-02-23 13:45:38,-5.24,50,clear sky
2025-02-23 13:56:08,-5.24,50,clear sky
2025-02-23 14:16:57,-3.76,39,clear sky
2025-02-23 14:31:22,-6.24,53,clear sky
2025-02-23 14:42:10,-6.24,53,clear sky
2025-02-23 14:52:39,-6.24,53,clear sky
2025-02-23 15:10:58,-3.63,39,clear sky
2025-02-23 15:26:47,-6.24,53,clear sky
2025-02-23 15:38:36,-6.24,53,clear sky
2025-02-23 15:49:15,-6.24,53,clear sky
2025-02-23 15:59:36,-6.24,53,clear sky
2025-02-23 16:26:15,-6.24,58,clear sky
2025-02-23 16:40:54,-6.24,58,clear sky
2025-02-23 16:51:14,-6.24,58,clear sky
2025-02-23 17:08:25,-3.7,39,clear sky
2025-02-23 17:26:29,-8.24,62,clear sky
2025-02-23 17:37:53,-8.24,62,clear sky
2025-02-23 17:48:26,-8.24,62,clear sky
2025-02-23 17:58:52,-8.24,62,clear sky
2025-02-23 18:29:12,-8.24,67,clear sky
2025-02-23 18:42:50,-8.24,67,clear sky
2025-02-23 18:53:04,-8.24,67,clear sky
2025-02-23 19:09:27,-4,41,clear sky
2025-02-23 19:21:17,-4,41,clear sky
2025-02-23 19:32:19,-10.24,79,clear sky
2025-02-23 19:42:51,-10.24,79,clear sky
2025-02-23 19:53:17,-10.24,79,clear sky
2025-02-23 20:13:41,-10.24,79,clear sky
2025-02-23 20:30:01,-10.24,73,clear sky
2025-02-23 20:41:14,-10.24,73,clear sky
2025-02-23 20:51:47,-10.24,73,clear sky
2025-02-23 21:08:46,-4.28,42,clear sky
2025-02-23 21:25:29,-9.24,73,clear sky
2025-02-23 21:36:30,-9.24,73,clear sky
2025-02-23 21:47:05,-9.24,73,clear sky
2025-02-23 21:57:46,-9.24,73,clear sky
2025-02-23 22:20:35,-4.35,43,clear sky
2025-02-23 22:34:02,-10.24,79,clear sky
2025-02-23 22:44:15,-10.24,79,clear sky
2025-02-23 22:54:28,-10.24,79,clear sky
2025-02-23 23:14:01,-10.24,79,clear sky
2025-02-23 23:27:26,-7.24,68,clear sky
2025-02-23 23:38:49,-7.24,68,clear sky
2025-02-23 23:49:39,-7.24,68,clear sky
2025-02-23 23:59:51,-7.24,68,clear sky
2025-02-24 01:53:35,-0.24,37,clear sky
2025-02-24 02:50:50,0.76,32,clear sky
2025-02-24 03:17:55,-0.67,29,clear sky
2025-02-24 03:40:03,1.76,30,clear sky
2025-02-24 03:51:23,1.76,30,clear sky
2025-02-24 04:12:05,1.76,30,clear sky
2025-02-24 04:33:22,2.76,30,clear sky
2025-02-24 04:45:14,2.76,30,clear sky
2025-02-24 04:55:48,2.76,30,clear sky
2025-02-24 05:18:18,2.76,30,clear sky
2025-02-24 05:34:50,3.76,33,clear sky
2025-02-24 05:45:15,3.76,33,clear sky
2025-02-24 05:55:32,3.76,33,clear sky
2025-02-24 06:27:12,3.76,33,clear sky
2025-02-24 06:46:54,3.76,33,clear sky
2025-02-24 06:57:26,3.76,33,clear sky
2025-02-24 07:20:51,2.2,24,clear sky
2025-02-24 07:31:30,3.76,30,clear sky
2025-02-24 07:41:41,3.76,30,clear sky
2025-02-24 07:52:23,3.76,30,clear sky
2025-02-24 08:16:30,2.31,25,clear sky
2025-02-24 08:39:01,3.76,30,clear sky
2025-02-24 08:51:17,3.76,30,clear sky
2025-02-24 09:11:23,1.87,27,clear sky
2025-02-24 09:30:41,1.76,35,clear sky
2025-02-24 09:42:08,1.76,35,clear sky
2025-02-24 09:52:41,1.76,35,clear sky
2025-02-24 10:13:53,1.12,32,clear sky
2025-02-24 10:36:22,0.76,40,clear sky
2025-02-24 10:47:09,0.76,40,clear sky
2025-02-24 10:57:21,0.76,40,clear sky
2025-02-24 11:18:07,0.54,35,clear sky
2025-02-24 11:28:44,0.76,60,clear sky
2025-02-24 11:39:25,0.76,60,clear sky
2025-02-24 11:49:54,0.76,60,clear sky
2025-02-24 12:00:36,0.76,60,clear sky
2025-02-24 12:49:20,0.76,64,clear sky
2025-02-24 13:15:52,-0.09,41,clear sky
2025-02-24 13:36:29,-0.24,69,clear sky
2025-02-24 13:46:58,-0.24,69,clear sky
2025-02-24 13:57:14,-0.24,69,clear sky
2025-02-24 14:21:36,-0.26,42,clear sky
2025-02-24 14:38:50,-2.24,86,clear sky
2025-02-24 14:49:25,-2.24,86,clear sky
2025-02-24 14:59:42,-2.24,86,clear sky
2025-02-24 15:27:02,-5.24,93,clear sky
2025-02-24 15:41:47,-5.24,93,clear sky
2025-02-24 15:52:11,-5.24,93,clear sky
2025-02-24 16:14:39,-5.24,93,clear sky
2025-02-24 16:40:58,-6.24,100,clear sky
2025-02-24 16:53:09,-6.24,100,clear sky
2025-02-24 17:11:59,-0.46,50,clear sky
2025-02-24 17:29:13,-5.24,100,clear sky
2025-02-24 17:40:19,-5.24,100,clear sky
2025-02-24 17:50:36,-5.24,100,clear sky
2025-02-24 18:11:33,-0.47,57,few clouds
2025-02-24 18:38:15,-7.24,93,clear sky
2025-02-24 18:50:58,-7.24,93,clear sky
2025-02-24 19:07:08,-7.24,93,clear sky
2025-02-24 19:22:00,-0.5,65,few clouds
2025-02-24 19:33:33,-6.24,93,clear sky
2025-02-24 19:44:03,-6.24,93,clear sky
2025-02-24 19:54:17,-6.24,93,clear sky
2025-02-24 20:17:23,-0.5,68,broken clouds
2025-02-24 20:33:07,-7.24,100,clear sky
2025-02-24 20:43:37,-7.24,100,clear sky
2025-02-24 20:54:04,-7.24,100,clear sky
2025-02-24 21:13:36,-0.58,69,broken clouds
2025-02-24 21:28:21,-7.24,100,clear sky
2025-02-24 21:40:04,-7.24,100,clear sky
2025-02-24 21:50:32,-7.24,100,clear sky
2025-02-24 22:07:35,-7.24,100,clear sky
2025-02-24 22:29:56,-6.24,100,clear sky
2025-02-24 22:42:19,-6.24,100,clear sky
2025-02-24 22:52:34,-6.24,100,clear sky
2025-02-24 23:11:41,-0.53,66,scattered clouds
2025-02-24 23:27:30,-0.53,66,scattered clouds
2025-02-24 23:38:44,-3.24,93,clear sky
2025-02-24 23:49:04,-3.24,93,clear sky
2025-02-24 23:59:17,-3.24,93,clear sky
2025-02-25 01:52:35,3.76,60,clear sky
2025-02-25 02:47:32,3.76,60,broken clouds
2025-02-25 03:15:28,2.98,52,overcast clouds
2025-02-25 03:38:30,5.76,52,broken clouds
2025-02-25 03:49:50,5.76,52,broken clouds
2025-02-25 04:00:04,5.76,52,broken clouds
2025-02-25 04:28:37,3.82,50,overcast clouds
2025-02-25 04:42:56,4.76,56,broken clouds
2025-02-25 04:53:30,4.76,56,broken clouds
2025-02-25 05:14:00,4.76,56,broken clouds
2025-02-25 05:32:38,4.76,60,broken clouds
2025-02-25 05:43:09,4.76,60,broken clouds
2025-02-25 05:53:18,4.76,60,broken clouds
2025-02-25 06:19:10,4.69,53,overcast clouds
2025-02-25 06:41:35,4.76,65,broken clouds
2025-02-25 06:51:55,4.76,65,broken clouds
2025-02-25 07:10:56,4.56,56,overcast clouds
2025-02-25 07:27:19,5.76,61,broken clouds
2025-02-25 07:38:17,5.76,61,broken clouds
2025-02-25 07:48:46,5.76,61,broken clouds
2025-02-25 07:59:19,5.76,61,broken clouds
2025-02-25 08:30:49,4.76,65,broken clouds
2025-02-25 08:46:27,4.76,65,broken clouds
2025-02-25 08:56:39,4.76,65,broken clouds
2025-02-25 09:22:23,4.76,70,broken clouds
2025-02-25 09:36:33,4.76,70,broken clouds
2025-02-25 09:47:05,4.76,70,broken clouds
2025-02-25 09:57:13,4.76,70,broken clouds
2025-02-25 10:23:49,3.37,71,overcast clouds
2025-02-25 10:41:05,3.76,75,broken clouds
2025-02-25 10:51:32,3.76,75,broken clouds
2025-02-25 11:08:47,3.76,75,broken clouds
2025-02-25 11:25:08,3.76,75,broken clouds
2025-02-25 11:36:39,3.76,75,broken clouds
2025-02-25 11:47:09,3.76,75,broken clouds
2025-02-25 11:57:26,3.76,75,broken clouds
2025-02-25 12:44:48,3.76,81,scattered clouds
2025-02-25 13:13:16,2.67,84,clear sky
2025-02-25 13:34:26,1.76,93,scattered clouds
2025-02-25 13:44:59,1.76,93,scattered clouds
2025-02-25 13:55:34,1.76,93,scattered clouds
2025-02-25 14:17:35,2.47,86,clear sky
2025-02-25 14:37:22,1.76,93,scattered clouds
2025-02-25 14:47:53,1.76,93,scattered clouds
2025-02-25 14:58:15,1.76,93,scattered clouds
2025-02-25 15:26:00,2.76,93,scattered clouds
2025-02-25 15:40:36,2.76,93,scattered clouds
2025-02-25 15:51:09,2.76,93,scattered clouds
2025-02-25 16:11:52,2.15,88,clear sky
2025-02-25 16:38:19,2.76,93,mist
2025-02-25 16:52:10,2.76,93,mist
2025-02-25 17:12:45,1.9,90,clear sky
2025-02-25 17:33:19,2.76,100,mist
2025-02-25 17:44:01,2.76,100,mist
2025-02-25 17:54:20,2.76,100,mist
2025-02-25 18:22:02,2.76,100,mist
2025-02-25 18:43:00,2.76,100,mist
2025-02-25 18:53:29,2.76,100,mist
2025-02-25 19:11:44,2.76,100,mist
2025-02-25 19:24:31,1.76,100,mist
2025-02-25 19:36:13,1.76,100,mist
2025-02-25 19:46:52,1.76,100,mist
2025-02-25 19:57:21,1.76,100,mist
2025-02-25 20:24:05,-0.24,100,mist
2025-02-25 20:37:54,-0.24,100,mist
2025-02-25 20:48:30,-0.24,100,mist
2025-02-25 20:59:02,-0.24,100,mist
2025-02-25 21:22:24,-0.26,56,clear sky
2025-02-25 21:34:34,-1.24,93,fog
2025-02-25 21:45:00,-1.24,93,fog
2025-02-25 21:55:12,-1.24,93,fog
2025-02-25 22:16:33,-1.24,93,fog
2025-02-25 22:34:26,-4.24,100,fog
2025-02-25 22:44:54,-4.24,100,fog
2025-02-25 22:55:24,-4.24,100,fog
2025-02-25 23:16:32,-0.39,37,clear sky
2025-02-25 23:29:22,-2.24,93,fog
2025-02-25 23:39:57,-2.24,93,fog
2025-02-25 23:50:36,-2.24,93,fog
2025-02-26 00:39:36,1.76,87,mist
2025-02-26 02:09:17,2.83,19,clear sky
2025-02-26 02:58:42,4.76,45,haze
2025-02-26 03:31:03,6.76,26,clear sky
2025-02-26 03:46:53,6.76,26,clear sky
2025-02-26 03:57:18,6.76,26,clear sky
2025-02-26 04:27:07,7.76,17,clear sky
2025-02-26 04:55:14,7.76,17,clear sky
2025-02-26 05:17:24,7.76,21,clear sky
2025-02-26 05:34:38,7.76,21,clear sky
2025-02-26 05:45:08,7.76,21,clear sky
2025-02-26 05:55:30,7.76,21,clear sky
2025-02-26 06:26:10,7.76,19,clear sky
2025-02-26 06:45:34,7.76,19,clear sky
2025-02-26 06:55:44,7.76,19,clear sky
2025-02-26 07:17:43,5.99,19,clear sky
2025-02-26 07:29:17,7.76,18,clear sky
2025-02-26 07:39:47,7.76,18,clear sky
2025-02-26 07:50:12,7.76,18,clear sky
2025-02-26 08:10:35,7.76,18,clear sky
2025-02-26 08:34:37,6.76,19,clear sky
2025-02-26 08:48:46,6.76,19,clear sky
2025-02-26 08:59:05,6.76,19,clear sky
2025-02-26 09:25:38,4.76,22,clear sky
2025-02-26 09:39:14,4.76,22,clear sky
2025-02-26 09:49:30,4.76,22,clear sky
2025-02-26 09:59:59,4.76,22,clear sky
2025-02-26 10:27:50,2.76,23,clear sky
2025-02-26 10:43:17,2.76,23,clear sky
2025-02-26 10:53:28,2.76,23,clear sky
2025-02-26 11:12:06,2.76,23,clear sky
2025-02-26 11:26:31,1.76,27,clear sky
2025-02-26 11:37:41,1.76,27,clear sky
2025-02-26 11:48:23,1.76,27,clear sky
2025-02-26 11:58:37,1.76,27,clear sky
2025-02-26 12:48:10,0.76,37,clear sky
2025-02-26 13:15:00,1.64,48,clear sky
2025-02-26 13:35:11,-0.24,40,clear sky
2025-02-26 13:45:39,-0.24,40,clear sky
2025-02-26 13:56:12,-0.24,40,clear sky
2025-02-26 14:18:55,1.11,54,clear sky
2025-02-26 14:37:30,-1.24,51,clear sky
2025-02-26 14:47:51,-1.24,51,clear sky
2025-02-26 14:58:23,-1.24,51,clear sky
2025-02-26 15:26:58,-4.24,68,clear sky
2025-02-26 15:42:18,-4.24,68,clear sky
2025-02-26 15:52:59,-4.24,68,clear sky
2025-02-26 16:16:44,0.52,59,clear sky
2025-02-26 16:40:59,-4.24,74,clear sky
2025-02-26 16:53:10,-4.24,74,clear sky
2025-02-26 17:12:27,-4.24,74,clear sky
2025-02-26 17:30:35,-5.24,63,clear sky
2025-02-26 17:41:42,-5.24,63,clear sky
2025-02-26 17:52:00,-5.24,63,clear sky
2025-02-26 18:15:28,0.16,58,clear sky
2025-02-26 18:40:18,0.16,58,clear sky
2025-02-26 18:51:26,0.15,57,clear sky
2025-02-26 19:08:01,0.15,57,clear sky
2025-02-26 19:22:26,0.15,57,clear sky
2025-02-26 19:34:25,0.15,57,clear sky
2025-02-26 19:44:57,0.07,56,clear sky
2025-02-26 19:55:21,-6.24,73,clear sky
2025-02-26 20:19:28,-6.24,73,clear sky
2025-02-26 20:34:19,-6.24,73,clear sky
2025-02-26 20:44:39,-6.24,73,clear sky
2025-02-26 20:55:16,-6.24,73,clear sky
2025-02-26 21:16:32,-6.24,73,clear sky
2025-02-26 21:29:46,-6.24,79,clear sky
2025-02-26 21:40:12,-6.24,79,clear sky
2025-02-26 21:50:55,-6.24,79,clear sky
2025-02-26 22:08:08,-6.24,79,clear sky
2025-02-26 22:30:23,-6.24,86,clear sky
2025-02-26 22:42:31,-6.24,86,clear sky
2025-02-26 22:53:00,-6.24,86,clear sky
2025-02-26 23:12:55,0.34,48,clear sky
2025-02-26 23:29:55,-4.24,80,clear sky
2025-02-26 23:40:49,-4.24,80,clear sky
2025-02-26 23:51:28,-4.24,80,clear sky
2025-02-27 00:48:04,2.76,60,clear sky
2025-02-27 02:11:48,8.76,25,clear sky
2025-02-27 03:00:42,8.76,25,clear sky
2025-02-27 03:31:31,9.76,16,clear sky
2025-02-27 03:47:13,9.76,16,clear sky
2025-02-27 03:57:30,9.76,16,clear sky
2025-02-27 04:26:49,11.76,13,clear sky
2025-02-27 04:43:13,11.76,13,clear sky
2025-02-27 04:53:40,11.76,13,clear sky
2025-02-27 05:14:55,12.76,11,clear sky
2025-02-27 05:33:59,12.76,11,clear sky
2025-02-27 05:44:44,12.76,11,clear sky
2025-02-27 05:55:06,12.76,11,clear sky
2025-02-27 06:24:59,12.76,11,few clouds
2025-02-27 06:45:09,12.76,11,few clouds
2025-02-27 06:55:24,12.76,11,few clouds
2025-02-27 07:17:08,12.76,13,clear sky
2025-02-27 07:29:26,12.76,13,clear sky
2025-02-27 07:39:38,12.76,13,clear sky
2025-02-27 07:50:16,12.76,13,clear sky
2025-02-27 08:10:51,12.76,13,clear sky
2025-02-27 08:34:36,11.76,16,clear sky
2025-02-27 08:48:16,11.76,16,clear sky
2025-02-27 08:58:51,11.76,16,clear sky
2025-02-27 09:25:32,10.76,19,clear sky
2025-02-27 09:38:58,10.76,19,clear sky
2025-02-27 09:49:30,10.76,19,clear sky
2025-02-27 09:59:42,10.76,19,clear sky
2025-02-27 10:27:11,7.7,16,broken clouds
2025-02-27 10:43:16,6.76,31,clear sky
2025-02-27 10:53:35,6.76,31,clear sky
2025-02-27 11:11:57,6.76,31,clear sky
2025-02-27 11:25:50,7.3,17,broken clouds
2025-02-27 11:37:27,2.76,41,clear sky
2025-02-27 11:47:57,2.76,41,clear sky
2025-02-27 11:59:17,2.76,41,clear sky
2025-02-27 12:48:20,2.76,41,clear sky
2025-02-27 13:15:33,2.76,41,clear sky
2025-02-27 13:36:27,-0.24,51,clear sky
2025-02-27 13:47:01,-0.24,51,clear sky
2025-02-27 13:57:25,-0.24,51,clear sky
2025-02-27 14:21:31,5.29,18,overcast clouds
2025-02-27 14:38:46,-0.24,59,clear sky
2025-02-27 14:49:20,-0.24,59,clear sky
